<dependencies>
  <packages>
    <package>com.android.support:appcompat-v7:25.3.1</package>
    <package>com.android.support:appcompat-v7:27.1.1</package>
    <package>com.android.support:cardview-v7:25.3.1</package>
    <package>com.android.support:customtabs:25.3.1</package>
    <package>com.android.support:support-v4:25.3.1</package>
    <package>com.google.android.gms:play-services-ads-identifier:15.0.1</package>
    <package>com.google.android.gms:play-services-basement:15.0.1</package>
  </packages>
  <files>
    <file>Assets/Plugins/Android/android.arch.core.common-1.1.0.jar</file>
    <file>Assets/Plugins/Android/android.arch.core.runtime-1.1.0.aar</file>
    <file>Assets/Plugins/Android/android.arch.lifecycle.common-1.1.0.jar</file>
    <file>Assets/Plugins/Android/android.arch.lifecycle.livedata-core-1.1.0.aar</file>
    <file>Assets/Plugins/Android/android.arch.lifecycle.runtime-1.1.0.aar</file>
    <file>Assets/Plugins/Android/android.arch.lifecycle.viewmodel-1.1.0.aar</file>
    <file>Assets/Plugins/Android/com.android.support.animated-vector-drawable-27.1.1.aar</file>
    <file>Assets/Plugins/Android/com.android.support.appcompat-v7-27.1.1.aar</file>
    <file>Assets/Plugins/Android/com.android.support.cardview-v7-27.1.1.aar</file>
    <file>Assets/Plugins/Android/com.android.support.customtabs-27.1.1.aar</file>
    <file>Assets/Plugins/Android/com.android.support.support-annotations-27.1.1.jar</file>
    <file>Assets/Plugins/Android/com.android.support.support-compat-27.1.1.aar</file>
    <file>Assets/Plugins/Android/com.android.support.support-core-ui-27.1.1.aar</file>
    <file>Assets/Plugins/Android/com.android.support.support-core-utils-27.1.1.aar</file>
    <file>Assets/Plugins/Android/com.android.support.support-fragment-27.1.1.aar</file>
    <file>Assets/Plugins/Android/com.android.support.support-media-compat-27.1.1.aar</file>
    <file>Assets/Plugins/Android/com.android.support.support-v4-27.1.1.aar</file>
    <file>Assets/Plugins/Android/com.android.support.support-vector-drawable-27.1.1.aar</file>
    <file>Assets/Plugins/Android/com.google.android.gms.play-services-ads-identifier-15.0.1.aar</file>
    <file>Assets/Plugins/Android/com.google.android.gms.play-services-basement-15.0.1.aar</file>
  </files>
</dependencies>